{"cameraMode":{"drawMode":0,"name":"Shaded","section":"Shading Mode"},"sceneLighting":false,"audioPlay":false,"sceneViewState":{"m_AlwaysRefresh":false,"showFog":true,"showSkybox":false,"showFlares":true,"showImageEffects":true,"showParticleSystems":true,"showVisualEffectGraphs":true,"m_FxEnabled":true},"in2DMode":false,"pivot":{"x":0.15793749690055848,"y":0.34419575333595278,"z":-0.5387510061264038},"rotation":{"x":-0.2446795254945755,"y":0.4248066246509552,"z":-0.11512326449155808,"w":-0.8659747242927551},"size":0.2765078842639923,"orthographic":false}