{"cameraMode":{"drawMode":0,"name":"Shaded","section":"Shading Mode"},"sceneLighting":false,"audioPlay":false,"sceneViewState":{"m_AlwaysRefresh":false,"showFog":true,"showSkybox":false,"showFlares":true,"showImageEffects":true,"showParticleSystems":true,"showVisualEffectGraphs":true,"m_FxEnabled":true},"in2DMode":false,"pivot":{"x":0.006788715720176697,"y":-0.14880500733852387,"z":-0.0773654580116272},"rotation":{"x":-0.1366288810968399,"y":0.06493319571018219,"z":-0.004176055081188679,"w":-0.9902603030204773},"size":0.2765078842639923,"orthographic":false}