{"cameraMode":{"drawMode":0,"name":"Shaded","section":"Shading Mode"},"sceneLighting":false,"audioPlay":false,"sceneViewState":{"m_AlwaysRefresh":false,"showFog":true,"showSkybox":false,"showFlares":true,"showImageEffects":true,"showParticleSystems":true,"showVisualEffectGraphs":true,"m_FxEnabled":true},"in2DMode":false,"pivot":{"x":-1.044191837310791,"y":0.3293704390525818,"z":0.6530153751373291},"rotation":{"x":0.05069686844944954,"y":0.8599956035614014,"z":-0.09577836841344834,"w":0.5020872354507446},"size":0.2895370423793793,"orthographic":false}