{"cameraMode":{"drawMode":0,"name":"Shaded","section":"Shading Mode"},"sceneLighting":true,"audioPlay":false,"sceneViewState":{"m_AlwaysRefresh":false,"showFog":true,"showSkybox":false,"showFlares":true,"showImageEffects":true,"showParticleSystems":true,"showVisualEffectGraphs":true,"m_FxEnabled":true},"in2DMode":false,"pivot":{"x":1.724571704864502,"y":12.121217727661133,"z":-11.372956275939942},"rotation":{"x":0.2872709035873413,"y":-0.03671633079648018,"z":0.014568839222192765,"w":0.9585975408554077},"size":2.8284270763397219,"orthographic":false}