{"cameraMode":{"drawMode":0,"name":"Shaded","section":"Shading Mode"},"sceneLighting":false,"audioPlay":false,"sceneViewState":{"m_AlwaysRefresh":false,"showFog":true,"showSkybox":false,"showFlares":true,"showImageEffects":true,"showParticleSystems":true,"showVisualEffectGraphs":true,"m_FxEnabled":true},"in2DMode":false,"pivot":{"x":14.084864616394043,"y":22.595914840698243,"z":-2.5378634929656984},"rotation":{"x":0.026553457602858545,"y":-0.1708359569311142,"z":-0.012124384753406048,"w":-0.9862849712371826},"size":2.839454174041748,"orthographic":false}