{"cameraMode":{"drawMode":0,"name":"Shaded","section":"Shading Mode"},"sceneLighting":true,"audioPlay":false,"sceneViewState":{"m_AlwaysRefresh":false,"showFog":true,"showSkybox":true,"showFlares":true,"showImageEffects":true,"showParticleSystems":true,"showVisualEffectGraphs":true,"m_FxEnabled":true},"in2DMode":false,"pivot":{"x":8.862808227539063,"y":6.828986644744873,"z":-12.596738815307618},"rotation":{"x":0.013456656597554684,"y":-0.06836016476154328,"z":0.001106750569306314,"w":0.9977244138717651},"size":0.6274139881134033,"orthographic":false}