{"cameraMode":{"drawMode":0,"name":"Shaded","section":"Shading Mode"},"sceneLighting":false,"audioPlay":false,"sceneViewState":{"m_AlwaysRefresh":false,"showFog":true,"showSkybox":false,"showFlares":true,"showImageEffects":true,"showParticleSystems":true,"showVisualEffectGraphs":true,"m_FxEnabled":true},"in2DMode":false,"pivot":{"x":-0.10556995123624802,"y":-1.013826847076416,"z":-3.0631332397460939},"rotation":{"x":0.0011651365784928203,"y":0.9103833436965942,"z":-0.4168550968170166,"w":-0.014643433503806591},"size":2.839454174041748,"orthographic":false}