{"cameraMode":{"drawMode":0,"name":"Shaded","section":"Shading Mode"},"sceneLighting":false,"audioPlay":false,"sceneViewState":{"m_AlwaysRefresh":false,"showFog":true,"showSkybox":false,"showFlares":true,"showImageEffects":true,"showParticleSystems":true,"showVisualEffectGraphs":true,"m_FxEnabled":true},"in2DMode":false,"pivot":{"x":-0.4036269187927246,"y":-0.10242104530334473,"z":-0.19854044914245606},"rotation":{"x":0.04202999547123909,"y":-0.8626249432563782,"z":0.07262049615383148,"w":0.49896255135536196},"size":0.9491977691650391,"orthographic":false}