{"cameraMode":{"drawMode":0,"name":"Shaded","section":"Shading Mode"},"sceneLighting":false,"audioPlay":false,"sceneViewState":{"m_AlwaysRefresh":false,"showFog":true,"showSkybox":false,"showFlares":true,"showImageEffects":true,"showParticleSystems":true,"showVisualEffectGraphs":true,"m_FxEnabled":true},"in2DMode":false,"pivot":{"x":-0.1333363950252533,"y":0.32702505588531496,"z":-0.5370321273803711},"rotation":{"x":0.04844432696700096,"y":-0.020886972546577455,"z":-0.003210279857739806,"w":1.0003163814544678},"size":0.3186887204647064,"orthographic":false}